country,code,year,gdpPerCapita
Afghanistan,AFG,2010,2026.1638
Afghanistan,AFG,2011,1961.0963
Afghanistan,AFG,2012,2122.8308
Afghanistan,AFG,2013,2165.3408
Afghanistan,AFG,2014,2144.4497
Afghanistan,AFG,2015,2108.714
Afghanistan,AFG,2016,2101.422
Afghanistan,AFG,2017,2096.093
Afghanistan,AFG,2018,2060.699
Afghanistan,AFG,2019,2079.9219
Afghanistan,AFG,2020,1968.341
Afghanistan,AFG,2021,1516.2733
Albania,ALB,2010,10749.519
Albania,ALB,2011,11052.832
Albania,ALB,2012,11228.005
Albania,ALB,2013,11361.308
Albania,ALB,2014,11586.874
Albania,ALB,2015,11878.495
Albania,ALB,2016,12291.902
Albania,ALB,2017,12771.054
Albania,ALB,2018,13317.185
Albania,ALB,2019,13653.249
Albania,ALB,2020,13278.435
Albania,ALB,2021,14596.016
Algeria,DZA,2010,11007.747
Algeria,DZA,2011,11113.969
Algeria,DZA,2012,11270.701
Algeria,DZA,2013,11360.638
Algeria,DZA,2014,11561.26
Algeria,DZA,2015,11751.634
Algeria,DZA,2016,11888.323
Algeria,DZA,2017,11809.483
Algeria,DZA,2018,11725.878
Algeria,DZA,2019,11627.28
Algeria,DZA,2020,10844.7705
Algeria,DZA,2021,11029.139
Angola,AGO,2010,7689.821
Angola,AGO,2011,7663.286
Angola,AGO,2012,8011.0503
Angola,AGO,2013,8099.6787
Angola,AGO,2014,8183.1646
Angola,AGO,2015,7966.8857
Angola,AGO,2016,7487.9253
Angola,AGO,2017,7216.0615
Angola,AGO,2018,6878.59
Angola,AGO,2019,6602.269
Angola,AGO,2020,6029.692
Angola,AGO,2021,5911.8354
Antigua and Barbuda,ATG,2010,20848.914
Antigua and Barbuda,ATG,2011,20196.867
Antigua and Barbuda,ATG,2012,20266.729
Antigua and Barbuda,ATG,2013,20175.82
Antigua and Barbuda,ATG,2014,20451.219
Antigua and Barbuda,ATG,2015,20584.148
Antigua and Barbuda,ATG,2016,21280.645
Antigua and Barbuda,ATG,2017,21672.045
Antigua and Barbuda,ATG,2018,23050.686
Antigua and Barbuda,ATG,2019,23638.686
Antigua and Barbuda,ATG,2020,19062.412
Antigua and Barbuda,ATG,2021,20501.162
Argentina,ARG,2010,23521.27
Argentina,ARG,2011,24647.629
Argentina,ARG,2012,24118.867
Argentina,ARG,2013,24424.137
Argentina,ARG,2014,23550.1
Argentina,ARG,2015,23933.887
Argentina,ARG,2016,23189.527
Argentina,ARG,2017,23597.117
Argentina,ARG,2018,22747.242
Argentina,ARG,2019,22071.748
Argentina,ARG,2020,19694.56
Argentina,ARG,2021,21599.797
Armenia,ARM,2010,9068.788
Armenia,ARM,2011,9551.158
Armenia,ARM,2012,10289.976
Armenia,ARM,2013,10677.304
Armenia,ARM,2014,11105.532
Armenia,ARM,2015,11506.039
Armenia,ARM,2016,11580.384
Armenia,ARM,2017,12509.64
Armenia,ARM,2018,13231.431
Armenia,ARM,2019,14317.553
Armenia,ARM,2020,13357.697
Armenia,ARM,2021,14206.545
Aruba,ABW,2010,35227.207
Aruba,ABW,2011,36073.64
Aruba,ABW,2012,35410.117
Aruba,ABW,2013,37406.17
Aruba,ABW,2014,36558.973
Aruba,ABW,2015,36099.94
Aruba,ABW,2016,36504.688
Aruba,ABW,2017,38868.332
Aruba,ABW,2018,39597.66
Aruba,ABW,2019,38511.336
Aruba,ABW,2020,29236.047
Aruba,ABW,2021,37333.516
Australia,AUS,2010,44881.324
Australia,AUS,2011,45328.258
Australia,AUS,2012,46289.184
Australia,AUS,2013,46685.098
Australia,AUS,2014,47193.17
Australia,AUS,2015,47543.082
Australia,AUS,2016,48107.066
Australia,AUS,2017,48418.56
Australia,AUS,2018,49085.934
Australia,AUS,2019,49420.94
Australia,AUS,2020,48651.734
Australia,AUS,2021,49609.23
Austria,AUT,2010,51843.43
Austria,AUT,2011,53179.15
Austria,AUT,2012,53297.445
Austria,AUT,2013,52997.754
Austria,AUT,2014,52932.9
Austria,AUT,2015,52873.86
Austria,AUT,2016,53345.742
Austria,AUT,2017,54172.99
Austria,AUT,2018,55217.285
Austria,AUT,2019,55769.684
Austria,AUT,2020,51854.75
Austria,AUT,2021,53817.305
Azerbaijan,AZE,2010,14082.238
Azerbaijan,AZE,2011,13913.837
Azerbaijan,AZE,2012,14027.469
Azerbaijan,AZE,2013,14651.694
Azerbaijan,AZE,2014,14867.943
Azerbaijan,AZE,2015,14852.611
Azerbaijan,AZE,2016,14232.192
Azerbaijan,AZE,2017,14121.407
Azerbaijan,AZE,2018,14209.593
Azerbaijan,AZE,2019,14442.041
Azerbaijan,AZE,2020,13726.77
Azerbaijan,AZE,2021,14433.904
Bahamas,BHS,2010,34539.582
Bahamas,BHS,2011,34321.242
Bahamas,BHS,2012,34999.83
Bahamas,BHS,2013,33681.56
Bahamas,BHS,2014,33996.83
Bahamas,BHS,2015,34023.72
Bahamas,BHS,2016,33484.535
Bahamas,BHS,2017,34067.848
Bahamas,BHS,2018,34810.277
Bahamas,BHS,2019,34324.996
Bahamas,BHS,2020,26132.207
Bahamas,BHS,2021,30463.084
Bahrain,BHR,2010,45600.066
Bahrain,BHR,2011,46564.71
Bahrain,BHR,2012,47793.53
Bahrain,BHR,2013,48915.53
Bahrain,BHR,2014,49117.99
Bahrain,BHR,2015,48453.727
Bahrain,BHR,2016,48486.305
Bahrain,BHR,2017,48929.445
Bahrain,BHR,2018,48937.66
Bahrain,BHR,2019,49768.977
Bahrain,BHR,2020,47994.414
Bahrain,BHR,2021,49754.047
Bangladesh,BGD,2010,3395.3647
Bangladesh,BGD,2011,3571.0586
Bangladesh,BGD,2012,3756.932
Bangladesh,BGD,2013,3932.7083
Bangladesh,BGD,2014,4119.425
Bangladesh,BGD,2015,4337.3857
Bangladesh,BGD,2016,4589.0938
Bangladesh,BGD,2017,4830.7764
Bangladesh,BGD,2018,5124.4985
Bangladesh,BGD,2019,5467.2075
Bangladesh,BGD,2020,5591.3735
Bangladesh,BGD,2021,5911.013
Barbados,BRB,2010,16011.364
Barbados,BRB,2011,15846.868
Barbados,BRB,2012,15757.749
Barbados,BRB,2013,15515.497
Barbados,BRB,2014,15480.209
Barbados,BRB,2015,15822.1
Barbados,BRB,2016,16190.236
Barbados,BRB,2017,16233.792
Barbados,BRB,2018,16063.454
Barbados,BRB,2019,16077.515
Barbados,BRB,2020,14003.922
Barbados,BRB,2021,13869.242
Belarus,BLR,2010,17300.703
Belarus,BLR,2011,18274.02
Belarus,BLR,2012,18611.453
Belarus,BLR,2013,18805.43
Belarus,BLR,2014,19119.312
Belarus,BLR,2015,18362.695
Belarus,BLR,2016,17883.19
Belarus,BLR,2017,18356.066
Belarus,BLR,2018,18974.746
Belarus,BLR,2019,19288.041
Belarus,BLR,2020,19239.553
Belarus,BLR,2021,19872.693
Belgium,BEL,2010,47972.56
Belgium,BEL,2011,48154.87
Belgium,BEL,2012,48210.926
Belgium,BEL,2013,48204.586
Belgium,BEL,2014,48748.62
Belgium,BEL,2015,49456.4
Belgium,BEL,2016,49829.926
Belgium,BEL,2017,50442.27
Belgium,BEL,2018,51113.48
Belgium,BEL,2019,51977.17
Belgium,BEL,2020,49030.992
Belgium,BEL,2021,52174.906
Belize,BLZ,2010,8996.431
Belize,BLZ,2011,8767.314
Belize,BLZ,2012,8885.545
Belize,BLZ,2013,9074.463
Belize,BLZ,2014,9233.085
Belize,BLZ,2015,9331.3125
Belize,BLZ,2016,9141.245
Belize,BLZ,2017,8798.699
Belize,BLZ,2018,8719.991
Belize,BLZ,2019,8925.19
Belize,BLZ,2020,7586.0234
Belize,BLZ,2021,8826.859
Benin,BEN,2010,2634.1345
Benin,BEN,2011,2633.939
Benin,BEN,2012,2681.3516
Benin,BEN,2013,2792.027
Benin,BEN,2014,2883.899
Benin,BEN,2015,2849.8203
Benin,BEN,2016,2859.3916
Benin,BEN,2017,2933.8374
Benin,BEN,2018,3040.1672
Benin,BEN,2019,3156.4387
Benin,BEN,2020,3186.486
Benin,BEN,2021,3321.552
Bermuda,BMU,2010,88399.914
Bermuda,BMU,2011,85829.375
Bermuda,BMU,2012,80982.37
Bermuda,BMU,2013,80503.65
Bermuda,BMU,2014,77361.1
Bermuda,BMU,2015,77842.75
Bermuda,BMU,2016,78149.35
Bermuda,BMU,2017,81834.95
Bermuda,BMU,2018,81423.41
Bermuda,BMU,2019,81681.73
Bermuda,BMU,2020,76117.805
Bermuda,BMU,2021,78570.49
Bhutan,BTN,2010,8416.137
Bhutan,BTN,2011,8988.4
Bhutan,BTN,2012,9346.083
Bhutan,BTN,2013,9442.816
Bhutan,BTN,2014,9886.98
Bhutan,BTN,2015,10445.576
Bhutan,BTN,2016,11196.7705
Bhutan,BTN,2017,11619.064
Bhutan,BTN,2018,11931.663
Bhutan,BTN,2019,12530.171
Bhutan,BTN,2020,11176.29
Bhutan,BTN,2021,11595.684
Bolivia,BOL,2010,6499.8184
Bolivia,BOL,2011,6724.301
Bolivia,BOL,2012,6952.7383
Bolivia,BOL,2013,7305.228
Bolivia,BOL,2014,7581.5986
Bolivia,BOL,2015,7825.7666
Bolivia,BOL,2016,8034.173
Bolivia,BOL,2017,8244.934
Bolivia,BOL,2018,8466.293
Bolivia,BOL,2019,8528.749
Bolivia,BOL,2020,7679.933
Bolivia,BOL,2021,8052.6
Bosnia and Herzegovina,BIH,2010,10636.132
Bosnia and Herzegovina,BIH,2011,10933.108
Bosnia and Herzegovina,BIH,2012,11046.193
Bosnia and Herzegovina,BIH,2013,11483.324
Bosnia and Herzegovina,BIH,2014,11767.049
Bosnia and Herzegovina,BIH,2015,12437.57
Bosnia and Herzegovina,BIH,2016,13000.695
Bosnia and Herzegovina,BIH,2017,13582.267
Bosnia and Herzegovina,BIH,2018,14267.606
Bosnia and Herzegovina,BIH,2019,14851.738
Bosnia and Herzegovina,BIH,2020,14587.57
Bosnia and Herzegovina,BIH,2021,15893.156
Botswana,BWA,2010,12653.212
Botswana,BWA,2011,13250.085
Botswana,BWA,2012,12975.785
Botswana,BWA,2013,14144.341
Botswana,BWA,2014,14664.785
Botswana,BWA,2015,13682.2
Botswana,BWA,2016,14373.339
Botswana,BWA,2017,14656.773
Botswana,BWA,2018,14961.831
Botswana,BWA,2019,15117.685
Botswana,BWA,2020,13545.048
Botswana,BWA,2021,14906.897
Brazil,BRA,2010,14824.741
Brazil,BRA,2011,15271.47
Brazil,BRA,2012,15425.353
Brazil,BRA,2013,15751.484
Brazil,BRA,2014,15695.644
Brazil,BRA,2015,15011.577
Brazil,BRA,2016,14402.494
Brazil,BRA,2017,14477.861
Brazil,BRA,2018,14619.591
Brazil,BRA,2019,14685.128
Brazil,BRA,2020,14109.764
Brazil,BRA,2021,14735.582
Brunei,BRN,2010,66484.24
Brunei,BRN,2011,68037.52
Brunei,BRN,2012,67792.76
Brunei,BRN,2013,65534.684
Brunei,BRN,2014,63131.188
Brunei,BRN,2015,62170.086
Brunei,BRN,2016,59980.99
Brunei,BRN,2017,60173.05
Brunei,BRN,2018,59650.23
Brunei,BRN,2019,61424.363
Brunei,BRN,2020,61603.55
Brunei,BRN,2021,60127.023
Bulgaria,BGR,2010,18164.055
Bulgaria,BGR,2011,18663.006
Bulgaria,BGR,2012,18911.982
Bulgaria,BGR,2013,18914.898
Bulgaria,BGR,2014,19203.324
Bulgaria,BGR,2015,19982.867
Bulgaria,BGR,2016,20732.58
Bulgaria,BGR,2017,21458.049
Bulgaria,BGR,2018,22196.02
Bulgaria,BGR,2019,23254.787
Bulgaria,BGR,2020,22466.918
Bulgaria,BGR,2021,24386.18
Burkina Faso,BFA,2010,1661.8721
Burkina Faso,BFA,2011,1720.0825
Burkina Faso,BFA,2012,1776.391
Burkina Faso,BFA,2013,1823.595
Burkina Faso,BFA,2014,1846.6451
Burkina Faso,BFA,2015,1862.8547
Burkina Faso,BFA,2016,1916.7563
Burkina Faso,BFA,2017,1978.155
Burkina Faso,BFA,2018,2051.2185
Burkina Faso,BFA,2019,2106.0361
Burkina Faso,BFA,2020,2089.5679
Burkina Faso,BFA,2021,2176.0933
Burundi,BDI,2010,804.3549
Burundi,BDI,2011,807.665
Burundi,BDI,2012,814.3208
Burundi,BDI,2013,824.61053
Burundi,BDI,2014,831.29486
Burundi,BDI,2015,781.5793
Burundi,BDI,2016,764.3366
Burundi,BDI,2017,750.7876
Burundi,BDI,2018,740.44824
Burundi,BDI,2019,729.65845
Burundi,BDI,2020,711.3553
Burundi,BDI,2021,714.0667
Cambodia,KHM,2010,2706.9917
Cambodia,KHM,2011,2856.5308
Cambodia,KHM,2012,3021.3323
Cambodia,KHM,2013,3197.532
Cambodia,KHM,2014,3378.3645
Cambodia,KHM,2015,3565.245
Cambodia,KHM,2016,3761.9114
Cambodia,KHM,2017,3972.724
Cambodia,KHM,2018,4217.6216
Cambodia,KHM,2019,4464.2944
Cambodia,KHM,2020,4276.1846
Cambodia,KHM,2021,4354.5654
Cameroon,CMR,2010,3298.6245
Cameroon,CMR,2011,3314.8982
Cameroon,CMR,2012,3371.9756
Cameroon,CMR,2013,3442.2007
Cameroon,CMR,2014,3530.2832
Cameroon,CMR,2015,3614.7556
Cameroon,CMR,2016,3667.3228
Cameroon,CMR,2017,3691.0947
Cameroon,CMR,2018,3732.5012
Cameroon,CMR,2019,3756.5095
Cameroon,CMR,2020,3665.5105
Cameroon,CMR,2021,3689.359
Canada,CAN,2010,44858.82
Canada,CAN,2011,45815.53
Canada,CAN,2012,46116.426
Canada,CAN,2013,46693.04
Canada,CAN,2014,47554.258
Canada,CAN,2015,47507.453
Canada,CAN,2016,47460.37
Canada,CAN,2017,48317.176
Canada,CAN,2018,48946.246
Canada,CAN,2019,49169.12
Canada,CAN,2020,46193.176
Canada,CAN,2021,48356.332
Cape Verde,CPV,2010,6597.949
Cape Verde,CPV,2011,6774.8936
Cape Verde,CPV,2012,6766.943
Cape Verde,CPV,2013,6733.089
Cape Verde,CPV,2014,6703.8125
Cape Verde,CPV,2015,6691.9316
Cape Verde,CPV,2016,6900.561
Cape Verde,CPV,2017,7130.854
Cape Verde,CPV,2018,7314.3013
Cape Verde,CPV,2019,7743.479
Cape Verde,CPV,2020,6073.3804
Cape Verde,CPV,2021,6356.745
Cayman Islands,CYM,2010,70095.9
Cayman Islands,CYM,2011,69103.24
Cayman Islands,CYM,2012,68270.04
Cayman Islands,CYM,2013,67537.55
Cayman Islands,CYM,2014,67762.36
Cayman Islands,CYM,2015,68135.46
Cayman Islands,CYM,2016,68824.43
Cayman Islands,CYM,2017,69534.77
Cayman Islands,CYM,2018,71046.02
Cayman Islands,CYM,2019,72432.5
Cayman Islands,CYM,2020,67530.695
Cayman Islands,CYM,2021,69400.67
Central African Republic,CAF,2010,1130.8958
Central African Republic,CAF,2011,1160.4148
Central African Republic,CAF,2012,1208.5157
Central African Republic,CAF,2013,764.0515
Central African Republic,CAF,2014,765.2596
Central African Republic,CAF,2015,795.03705
Central African Republic,CAF,2016,818.396
Central African Republic,CAF,2017,839.60004
Central African Republic,CAF,2018,854.64746
Central African Republic,CAF,2019,861.7668
Central African Republic,CAF,2020,847.765
Central African Republic,CAF,2021,838.19293
Chad,TCD,2010,1741.054
Chad,TCD,2011,1682.6577
Chad,TCD,2012,1769.325
Chad,TCD,2013,1804.8231
Chad,TCD,2014,1861.6929
Chad,TCD,2015,1853.2594
Chad,TCD,2016,1683.4781
Chad,TCD,2017,1579.7606
Chad,TCD,2018,1563.544
Chad,TCD,2019,1561.9967
Chad,TCD,2020,1489.1868
Chad,TCD,2021,1425.4945
Chile,CHL,2010,21225.104
Chile,CHL,2011,22323.723
Chile,CHL,2012,23467.979
Chile,CHL,2013,24011.592
Chile,CHL,2014,24197.184
Chile,CHL,2015,24464.746
Chile,CHL,2016,24599.375
Chile,CHL,2017,24546.912
Chile,CHL,2018,25071.99
Chile,CHL,2019,24809.861
Chile,CHL,2020,22970.55
Chile,CHL,2021,25412.752
China,CHN,2010,8884.588
China,CHN,2011,9680.098
China,CHN,2012,10370.727
China,CHN,2013,11101.938
China,CHN,2014,11851.404
China,CHN,2015,12612.352
China,CHN,2016,13399.138
China,CHN,2017,14243.532
China,CHN,2018,15133.996
China,CHN,2019,15977.764
China,CHN,2020,16296.609
China,CHN,2021,17657.656
Colombia,COL,2010,11890.203
Colombia,COL,2011,12578.016
Colombia,COL,2012,12934.966
Colombia,COL,2013,13465.075
Colombia,COL,2014,13938.231
Colombia,COL,2015,14215.688
Colombia,COL,2016,14358.168
Colombia,COL,2017,14334.915
Colombia,COL,2018,14426.435
Colombia,COL,2019,14616.135
Colombia,COL,2020,13358.298
Colombia,COL,2021,14661.213
Comoros,COM,2010,3025.5173
Comoros,COM,2011,3084.8267
Comoros,COM,2012,3115.238
Comoros,COM,2013,3185.3196
Comoros,COM,2014,3183.157
Comoros,COM,2015,3150.8777
Comoros,COM,2016,3185.6296
Comoros,COM,2017,3240.1792
Comoros,COM,2018,3294.832
Comoros,COM,2019,3290.6506
Comoros,COM,2020,3222.374
Comoros,COM,2021,3228.5269
Congo,COG,2010,5050.2793
Congo,COG,2011,4996.9194
Congo,COG,2012,5343.5547
Congo,COG,2013,5179.3237
Congo,COG,2014,5393.082
Congo,COG,2015,5287.6626
Congo,COG,2016,4714.4385
Congo,COG,2017,4345.519
Congo,COG,2018,4144.949
Congo,COG,2019,4093.9907
Congo,COG,2020,3748.9326
Congo,COG,2021,3700.27
Costa Rica,CRI,2010,16667.016
Costa Rica,CRI,2011,17186.45
Costa Rica,CRI,2012,17809.941
Costa Rica,CRI,2013,18044.945
Costa Rica,CRI,2014,18480.652
Costa Rica,CRI,2015,18956.191
Costa Rica,CRI,2016,19553.6
Costa Rica,CRI,2017,20168.22
Costa Rica,CRI,2018,20503.277
Costa Rica,CRI,2019,20818.062
Costa Rica,CRI,2020,19778.387
Costa Rica,CRI,2021,21220.162
Cote d'Ivoire,CIV,2010,3737.4006
Cote d'Ivoire,CIV,2011,3464.047
Cote d'Ivoire,CIV,2012,3652.1768
Cote d'Ivoire,CIV,2013,3962.6045
Cote d'Ivoire,CIV,2014,4234.7905
Cote d'Ivoire,CIV,2015,4423.8267
Cote d'Ivoire,CIV,2016,4620.349
Cote d'Ivoire,CIV,2017,4836.0483
Cote d'Ivoire,CIV,2018,4941.794
Cote d'Ivoire,CIV,2019,5132.342
Cote d'Ivoire,CIV,2020,5092.1636
Cote d'Ivoire,CIV,2021,5316.464
Croatia,HRV,2010,24643.15
Croatia,HRV,2011,24707.871
Croatia,HRV,2012,24203.596
Croatia,HRV,2013,24174.793
Croatia,HRV,2014,24170.154
Croatia,HRV,2015,24984.914
Croatia,HRV,2016,26056.287
Croatia,HRV,2017,27267.51
Croatia,HRV,2018,28288.168
Croatia,HRV,2019,29412.422
Croatia,HRV,2020,27002.2
Croatia,HRV,2021,32060.504
Curacao,CUW,2010,27527.488
Curacao,CUW,2011,27277.107
Curacao,CUW,2012,26957.268
Curacao,CUW,2013,26483.95
Curacao,CUW,2014,25962.887
Curacao,CUW,2015,25739.922
Curacao,CUW,2016,25196.512
Curacao,CUW,2017,24795.594
Curacao,CUW,2018,24401.684
Curacao,CUW,2019,23903.621
Curacao,CUW,2020,19907.123
Curacao,CUW,2021,21090.889
Cyprus,CYP,2010,38297.0
Cyprus,CYP,2011,37482.105
Cyprus,CYP,2012,35642.92
Cyprus,CYP,2013,33384.73
Cyprus,CYP,2014,33136.742
Cyprus,CYP,2015,34453.39
Cyprus,CYP,2016,36509.355
Cyprus,CYP,2017,38288.27
Cyprus,CYP,2018,39977.312
Cyprus,CYP,2019,41741.805
Cyprus,CYP,2020,39871.87
Cyprus,CYP,2021,43417.27
Czechia,CZE,2010,33483.137
Czechia,CZE,2011,34002.19
Czechia,CZE,2012,33688.1
Czechia,CZE,2013,33661.47
Czechia,CZE,2014,34386.703
Czechia,CZE,2015,36168.418
Czechia,CZE,2016,37014.96
Czechia,CZE,2017,38824.887
Czechia,CZE,2018,39941.285
Czechia,CZE,2019,40989.727
Czechia,CZE,2020,38639.98
Czechia,CZE,2021,40744.457
Democratic Republic of Congo,COD,2010,841.85626
Democratic Republic of Congo,COD,2011,870.0738
Democratic Republic of Congo,COD,2012,900.979
Democratic Republic of Congo,COD,2013,944.64026
Democratic Republic of Congo,COD,2014,999.07214
Democratic Republic of Congo,COD,2015,1032.5719
Democratic Republic of Congo,COD,2016,1021.3272
Democratic Republic of Congo,COD,2017,1023.53986
Democratic Republic of Congo,COD,2018,1048.2465
Democratic Republic of Congo,COD,2019,1059.8921
Democratic Republic of Congo,COD,2020,1044.0712
Democratic Republic of Congo,COD,2021,1073.6433
Denmark,DNK,2010,50825.414
Denmark,DNK,2011,51293.207
Denmark,DNK,2012,51216.31
Denmark,DNK,2013,51479.266
Denmark,DNK,2014,52048.336
Denmark,DNK,2015,52892.645
Denmark,DNK,2016,54185.008
Denmark,DNK,2017,55356.68
Denmark,DNK,2018,56178.773
Denmark,DNK,2019,56813.965
Denmark,DNK,2020,55275.062
Denmark,DNK,2021,58802.96
Djibouti,DJI,2013,3664.268
Djibouti,DJI,2014,3854.27
Djibouti,DJI,2015,4073.6226
Djibouti,DJI,2016,4291.2974
Djibouti,DJI,2017,4451.684
Djibouti,DJI,2018,4589.3784
Djibouti,DJI,2019,4768.113
Djibouti,DJI,2020,4759.259
Djibouti,DJI,2021,4905.192
Dominica,DMA,2010,12335.11
Dominica,DMA,2011,12309.862
Dominica,DMA,2012,12153.6875
Dominica,DMA,2013,12044.222
Dominica,DMA,2014,12516.384
Dominica,DMA,2015,12063.8955
Dominica,DMA,2016,12385.27
Dominica,DMA,2017,11511.606
Dominica,DMA,2018,11849.302
Dominica,DMA,2019,12395.421
Dominica,DMA,2020,10255.859
Dominica,DMA,2021,10899.414
Dominican Republic,DOM,2010,12677.018
Dominican Republic,DOM,2011,12905.289
Dominican Republic,DOM,2012,13087.949
Dominican Republic,DOM,2013,13555.512
Dominican Republic,DOM,2014,14334.733
Dominican Republic,DOM,2015,15145.47
Dominican Republic,DOM,2016,15967.202
Dominican Republic,DOM,2017,16524.533
Dominican Republic,DOM,2018,17484.121
Dominican Republic,DOM,2019,18171.06
Dominican Republic,DOM,2020,16768.426
Dominican Republic,DOM,2021,18626.078
East Timor,TLS,2010,2914.7397
East Timor,TLS,2011,3020.458
East Timor,TLS,2012,3098.5066
East Timor,TLS,2013,3129.0198
East Timor,TLS,2014,3204.749
East Timor,TLS,2015,3237.067
East Timor,TLS,2016,3294.8655
East Timor,TLS,2017,3143.3245
East Timor,TLS,2018,3075.5103
East Timor,TLS,2019,3740.4346
East Timor,TLS,2020,4861.6934
East Timor,TLS,2021,5038.926
Ecuador,ECU,2010,10355.822
Ecuador,ECU,2011,10988.722
Ecuador,ECU,2012,11424.152
Ecuador,ECU,2013,11806.924
Ecuador,ECU,2014,12073.811
Ecuador,ECU,2015,11908.216
Ecuador,ECU,2016,11587.825
Ecuador,ECU,2017,11679.431
Ecuador,ECU,2018,11608.419
Ecuador,ECU,2019,11390.217
Ecuador,ECU,2020,10356.975
Ecuador,ECU,2021,10668.758
Egypt,EGY,2010,10333.275
Egypt,EGY,2011,10286.01
Egypt,EGY,2012,10279.86
Egypt,EGY,2013,10264.064
Egypt,EGY,2014,10318.651
Egypt,EGY,2015,10534.882
Egypt,EGY,2016,10765.829
Egypt,EGY,2017,10995.006
Egypt,EGY,2018,11363.318
Egypt,EGY,2019,11780.962
Egypt,EGY,2020,11989.6
Egypt,EGY,2021,12180.451
El Salvador,SLV,2010,7410.217
El Salvador,SLV,2011,7660.635
El Salvador,SLV,2012,7851.226
El Salvador,SLV,2013,7991.0293
El Salvador,SLV,2014,8097.958
El Salvador,SLV,2015,8263.644
El Salvador,SLV,2016,8447.104
El Salvador,SLV,2017,8617.922
El Salvador,SLV,2018,8812.925
El Salvador,SLV,2019,9015.664
El Salvador,SLV,2020,8294.537
El Salvador,SLV,2021,9190.174
Equatorial Guinea,GNQ,2010,29944.262
Equatorial Guinea,GNQ,2011,30502.6
Equatorial Guinea,GNQ,2012,31680.66
Equatorial Guinea,GNQ,2013,29143.021
Equatorial Guinea,GNQ,2014,28106.2
Equatorial Guinea,GNQ,2015,24563.5
Equatorial Guinea,GNQ,2016,21566.057
Equatorial Guinea,GNQ,2017,19617.844
Equatorial Guinea,GNQ,2018,17764.969
Equatorial Guinea,GNQ,2019,16240.37
Equatorial Guinea,GNQ,2020,15045.528
Equatorial Guinea,GNQ,2021,14730.601
Estonia,EST,2010,26015.746
Estonia,EST,2011,27990.137
Estonia,EST,2012,28997.322
Estonia,EST,2013,29525.12
Estonia,EST,2014,30494.096
Estonia,EST,2015,31038.805
Estonia,EST,2016,32008.934
Estonia,EST,2017,33821.934
Estonia,EST,2018,34979.867
Estonia,EST,2019,36153.434
Estonia,EST,2020,35883.266
Estonia,EST,2021,38717.695
Eswatini,SWZ,2010,7221.336
Eswatini,SWZ,2011,7347.2046
Eswatini,SWZ,2012,7701.394
Eswatini,SWZ,2013,7949.588
Eswatini,SWZ,2014,7969.2075
Eswatini,SWZ,2015,8088.7344
Eswatini,SWZ,2016,8113.2397
Eswatini,SWZ,2017,8213.921
Eswatini,SWZ,2018,8343.923
Eswatini,SWZ,2019,8501.267
Eswatini,SWZ,2020,8290.409
Eswatini,SWZ,2021,9086.701
Ethiopia,ETH,2010,1236.4794
Ethiopia,ETH,2011,1336.0669
Ethiopia,ETH,2012,1411.136
Ethiopia,ETH,2013,1518.1438
Ethiopia,ETH,2014,1629.1891
Ethiopia,ETH,2015,1750.6727
Ethiopia,ETH,2016,1864.4877
Ethiopia,ETH,2017,1987.9688
Ethiopia,ETH,2018,2067.4565
Ethiopia,ETH,2019,2181.659
Ethiopia,ETH,2020,2253.2358
Ethiopia,ETH,2021,2319.1611
Fiji,FJI,2010,10019.412
Fiji,FJI,2011,10254.358
Fiji,FJI,2012,10368.216
Fiji,FJI,2013,10830.61
Fiji,FJI,2014,11411.184
Fiji,FJI,2015,11903.502
Fiji,FJI,2016,12179.07
Fiji,FJI,2017,12822.014
Fiji,FJI,2018,13311.167
Fiji,FJI,2019,13241.546
Fiji,FJI,2020,10961.847
Fiji,FJI,2021,10379.567
Finland,FIN,2010,45874.66
Finland,FIN,2011,46825.824
Finland,FIN,2012,45952.246
Finland,FIN,2013,45328.574
Finland,FIN,2014,44976.777
Finland,FIN,2015,45072.59
Finland,FIN,2016,46206.79
Finland,FIN,2017,47570.133
Finland,FIN,2018,48048.523
Finland,FIN,2019,48583.434
Finland,FIN,2020,47371.22
Finland,FIN,2021,48614.82
France,FRA,2010,42145.684
France,FRA,2011,42862.414
France,FRA,2012,42789.05
France,FRA,2013,42813.934
France,FRA,2014,43021.395
France,FRA,2015,43345.785
France,FRA,2016,43705.15
France,FRA,2017,44577.066
France,FRA,2018,45245.96
France,FRA,2019,45922.793
France,FRA,2020,42344.945
France,FRA,2021,44941.438
Gabon,GAB,2010,13682.848
Gabon,GAB,2011,14145.65
Gabon,GAB,2012,14368.0
Gabon,GAB,2013,14655.365
Gabon,GAB,2014,14785.398
Gabon,GAB,2015,14892.036
Gabon,GAB,2016,14783.078
Gabon,GAB,2017,14478.13
Gabon,GAB,2018,14254.462
Gabon,GAB,2019,14478.002
Gabon,GAB,2020,13903.289
Gabon,GAB,2021,13822.509
Gambia,GMB,2010,2172.1938
Gambia,GMB,2011,1934.7279
Gambia,GMB,2012,1974.0941
Gambia,GMB,2013,1969.777
Gambia,GMB,2014,1885.1421
Gambia,GMB,2015,1905.823
Gambia,GMB,2016,1889.1381
Gambia,GMB,2017,1927.0399
Gambia,GMB,2018,2012.5908
Gambia,GMB,2019,2083.309
Gambia,GMB,2020,2042.6202
Gambia,GMB,2021,2076.5664
Georgia,GEO,2010,9735.158
Georgia,GEO,2011,10535.907
Georgia,GEO,2012,11294.861
Georgia,GEO,2013,11738.51
Georgia,GEO,2014,12254.126
Georgia,GEO,2015,12605.14
Georgia,GEO,2016,12963.744
Georgia,GEO,2017,13589.707
Georgia,GEO,2018,14253.409
Georgia,GEO,2019,14989.258
Georgia,GEO,2020,13966.326
Georgia,GEO,2021,15486.659
Germany,DEU,2010,46999.24
Germany,DEU,2011,49757.926
Germany,DEU,2012,49872.45
Germany,DEU,2013,49954.17
Germany,DEU,2014,50845.527
Germany,DEU,2015,51159.297
Germany,DEU,2016,51879.67
Germany,DEU,2017,53071.457
Germany,DEU,2018,53431.395
Germany,DEU,2019,53884.375
Germany,DEU,2020,51780.027
Germany,DEU,2021,53395.65
Ghana,GHA,2010,3709.3958
Ghana,GHA,2011,4128.56
Ghana,GHA,2012,4402.546
Ghana,GHA,2013,4610.028
Ghana,GHA,2014,4628.9014
Ghana,GHA,2015,4616.6196
Ghana,GHA,2016,4662.011
Ghana,GHA,2017,4929.568
Ghana,GHA,2018,5125.2495
Ghana,GHA,2019,5345.9414
Ghana,GHA,2020,5263.5264
Ghana,GHA,2021,5420.792
Greece,GRC,2010,33693.21
Greece,GRC,2011,30318.404
Greece,GRC,2012,28322.572
Greece,GRC,2013,27810.912
Greece,GRC,2014,28129.96
Greece,GRC,2015,28260.387
Greece,GRC,2016,28239.92
Greece,GRC,2017,28604.861
Greece,GRC,2018,29141.174
Greece,GRC,2019,29720.17
Greece,GRC,2020,27009.207
Greece,GRC,2021,29630.93
Grenada,GRD,2010,12493.993
Grenada,GRD,2011,12493.247
Grenada,GRD,2012,12243.072
Grenada,GRD,2013,12420.23
Grenada,GRD,2014,13216.077
Grenada,GRD,2015,13948.699
Grenada,GRD,2016,14351.394
Grenada,GRD,2017,14870.031
Grenada,GRD,2018,15401.78
Grenada,GRD,2019,15394.03
Grenada,GRD,2020,13175.521
Grenada,GRD,2021,13688.298
Guatemala,GTM,2010,7335.989
Guatemala,GTM,2011,7503.675
Guatemala,GTM,2012,7590.7554
Guatemala,GTM,2013,7734.1177
Guatemala,GTM,2014,7939.3745
Guatemala,GTM,2015,8125.656
Guatemala,GTM,2016,8206.048
Guatemala,GTM,2017,8322.217
Guatemala,GTM,2018,8469.115
Guatemala,GTM,2019,8673.002
Guatemala,GTM,2020,8389.106
Guatemala,GTM,2021,8927.302
Guinea,GIN,2010,1856.4902
Guinea,GIN,2011,1912.8179
Guinea,GIN,2012,1976.9581
Guinea,GIN,2013,2005.382
Guinea,GIN,2014,2028.5148
Guinea,GIN,2015,2053.1116
Guinea,GIN,2016,2217.1094
Guinea,GIN,2017,2383.5789
Guinea,GIN,2018,2471.719
Guinea,GIN,2019,2545.1401
Guinea,GIN,2020,2604.1172
Guinea,GIN,2021,2640.3442
Guinea-Bissau,GNB,2010,1697.4956
Guinea-Bissau,GNB,2011,1787.074
Guinea-Bissau,GNB,2012,1710.0238
Guinea-Bissau,GNB,2013,1718.862
Guinea-Bissau,GNB,2014,1690.0912
Guinea-Bissau,GNB,2015,1748.0292
Guinea-Bissau,GNB,2016,1811.301
Guinea-Bissau,GNB,2017,1872.3093
Guinea-Bissau,GNB,2018,1851.8866
Guinea-Bissau,GNB,2019,1890.5331
Guinea-Bissau,GNB,2020,1803.6306
Guinea-Bissau,GNB,2021,1831.3832
Guyana,GUY,2010,9831.819
Guyana,GUY,2011,10394.153
Guyana,GUY,2012,10946.466
Guyana,GUY,2013,11293.948
Guyana,GUY,2014,11427.924
Guyana,GUY,2015,11446.802
Guyana,GUY,2016,11819.142
Guyana,GUY,2017,12193.622
Guyana,GUY,2018,12374.208
Guyana,GUY,2019,12820.503
Guyana,GUY,2020,18430.602
Guyana,GUY,2021,21925.223
Haiti,HTI,2010,2943.5496
Haiti,HTI,2011,3058.9868
Haiti,HTI,2012,3027.4502
Haiti,HTI,2013,3111.3904
Haiti,HTI,2014,3154.684
Haiti,HTI,2015,3153.1196
Haiti,HTI,2016,3165.2957
Haiti,HTI,2017,3200.0422
Haiti,HTI,2018,3209.4297
Haiti,HTI,2019,3112.296
Haiti,HTI,2020,2970.463
Haiti,HTI,2021,2881.1765
Honduras,HND,2010,4790.1094
Honduras,HND,2011,4874.8735
Honduras,HND,2012,4978.074
Honduras,HND,2013,5020.937
Honduras,HND,2014,5079.7036
Honduras,HND,2015,5180.1865
Honduras,HND,2016,5287.253
Honduras,HND,2017,5447.6987
Honduras,HND,2018,5561.2627
Honduras,HND,2019,5613.6606
Honduras,HND,2020,5028.145
Honduras,HND,2021,5572.177
Hong Kong,HKG,2010,51359.8
Hong Kong,HKG,2011,53471.805
Hong Kong,HKG,2012,53783.953
Hong Kong,HKG,2013,55229.63
Hong Kong,HKG,2014,56358.05
Hong Kong,HKG,2015,57214.703
Hong Kong,HKG,2016,58098.406
Hong Kong,HKG,2017,59842.215
Hong Kong,HKG,2018,61055.33
Hong Kong,HKG,2019,59592.035
Hong Kong,HKG,2020,55892.11
Hong Kong,HKG,2021,60037.445
Hungary,HUN,2010,24473.463
Hungary,HUN,2011,25001.086
Hungary,HUN,2012,24816.346
Hungary,HUN,2013,25333.33
Hungary,HUN,2014,26476.717
Hungary,HUN,2015,27523.68
Hungary,HUN,2016,28212.613
Hungary,HUN,2017,29496.164
Hungary,HUN,2018,31117.28
Hungary,HUN,2019,32645.664
Hungary,HUN,2020,31232.102
Hungary,HUN,2021,33583.785
Iceland,ISL,2010,47457.62
Iceland,ISL,2011,48186.168
Iceland,ISL,2012,48440.254
Iceland,ISL,2013,50168.688
Iceland,ISL,2014,50450.742
Iceland,ISL,2015,52142.934
Iceland,ISL,2016,54665.766
Iceland,ISL,2017,55638.492
Iceland,ISL,2018,56816.566
Iceland,ISL,2019,56615.305
Iceland,ISL,2020,51684.402
Iceland,ISL,2021,53135.953
India,IND,2010,4213.363
India,IND,2011,4374.2324
India,IND,2012,4551.8623
India,IND,2013,4780.12
India,IND,2014,5071.047
India,IND,2015,5411.8755
India,IND,2016,5789.678
India,IND,2017,6112.0664
India,IND,2018,6436.1533
India,IND,2019,6617.13
India,IND,2020,6172.0425
India,IND,2021,6677.185
Indonesia,IDN,2010,8212.635
Indonesia,IDN,2011,8610.529
Indonesia,IDN,2012,9015.801
Indonesia,IDN,2013,9402.108
Indonesia,IDN,2014,9759.025
Indonesia,IDN,2015,10121.841
Indonesia,IDN,2016,10519.295
Indonesia,IDN,2017,10941.921
Indonesia,IDN,2018,11397.432
Indonesia,IDN,2019,11857.789
Indonesia,IDN,2020,11515.681
Indonesia,IDN,2021,11859.437
Iran,IRN,2010,15099.46
Iran,IRN,2011,15302.202
Iran,IRN,2012,14541.85
Iran,IRN,2013,14113.458
Iran,IRN,2014,14538.521
Iran,IRN,2015,14010.858
Iran,IRN,2016,14968.595
Iran,IRN,2017,15163.292
Iran,IRN,2018,14691.185
Iran,IRN,2019,14084.354
Iran,IRN,2020,14432.362
Iran,IRN,2021,15004.6875
Iraq,IRQ,2010,8178.305
Iraq,IRQ,2011,8493.082
Iraq,IRQ,2012,9251.982
Iraq,IRQ,2013,9503.875
Iraq,IRQ,2014,9194.864
Iraq,IRQ,2015,9371.214
Iraq,IRQ,2016,10404.204
Iraq,IRQ,2017,9976.8545
Iraq,IRQ,2018,9995.05
Iraq,IRQ,2019,10299.316
Iraq,IRQ,2020,8848.118
Iraq,IRQ,2021,8786.582
Ireland,IRL,2010,53436.22
Ireland,IRL,2011,53885.113
Ireland,IRL,2012,53587.67
Ireland,IRL,2013,53932.387
Ireland,IRL,2014,58266.586
Ireland,IRL,2015,71845.44
Ireland,IRL,2016,72293.21
Ireland,IRL,2017,78168.97
Ireland,IRL,2018,83746.15
Ireland,IRL,2019,86984.984
Ireland,IRL,2020,91791.44
Ireland,IRL,2021,104671.875
Israel,ISR,2010,34350.45
Israel,ISR,2011,35596.754
Israel,ISR,2012,35849.883
Israel,ISR,2013,36740.797
Israel,ISR,2014,37454.81
Israel,ISR,2015,37632.82
Israel,ISR,2016,38570.87
Israel,ISR,2017,39448.14
Israel,ISR,2018,40270.426
Israel,ISR,2019,41151.008
Israel,ISR,2020,39680.664
Israel,ISR,2021,42379.156
Italy,ITA,2010,42664.355
Italy,ITA,2011,42892.305
Italy,ITA,2012,41501.71
Italy,ITA,2013,40268.113
Italy,ITA,2014,39898.527
Italy,ITA,2015,40247.83
Italy,ITA,2016,40837.74
Italy,ITA,2017,41581.12
Italy,ITA,2018,42045.92
Italy,ITA,2019,42739.05
Italy,ITA,2020,39093.523
Italy,ITA,2021,42562.555
Jamaica,JAM,2010,9700.027
Jamaica,JAM,2011,9823.773
Jamaica,JAM,2012,9715.208
Jamaica,JAM,2013,9718.625
Jamaica,JAM,2014,9745.554
Jamaica,JAM,2015,9800.507
Jamaica,JAM,2016,9906.04
Jamaica,JAM,2017,9984.577
Jamaica,JAM,2018,10160.764
Jamaica,JAM,2019,10244.366
Jamaica,JAM,2020,9206.292
Jamaica,JAM,2021,9605.191
Japan,JPN,2010,38069.957
Japan,JPN,2011,38149.617
Japan,JPN,2012,38735.895
Japan,JPN,2013,39569.637
Japan,JPN,2014,39739.543
Japan,JPN,2015,40402.582
Japan,JPN,2016,40727.97
Japan,JPN,2017,41444.215
Japan,JPN,2018,41763.82
Japan,JPN,2019,41654.33
Japan,JPN,2020,40044.508
Japan,JPN,2021,41258.71
Jordan,JOR,2010,11866.881
Jordan,JOR,2011,11885.238
Jordan,JOR,2012,12001.99
Jordan,JOR,2013,11542.293
Jordan,JOR,2014,10605.35
Jordan,JOR,2015,9912.713
Jordan,JOR,2016,9633.101
Jordan,JOR,2017,9629.103
Jordan,JOR,2018,9584.507
Jordan,JOR,2019,9534.661
Jordan,JOR,2020,9231.036
Jordan,JOR,2021,9380.045
Kazakhstan,KAZ,2010,20751.258
Kazakhstan,KAZ,2011,21970.084
Kazakhstan,KAZ,2012,22702.578
Kazakhstan,KAZ,2013,23720.816
Kazakhstan,KAZ,2014,24355.756
Kazakhstan,KAZ,2015,24290.418
Kazakhstan,KAZ,2016,24210.863
Kazakhstan,KAZ,2017,24862.967
Kazakhstan,KAZ,2018,25544.346
Kazakhstan,KAZ,2019,26351.805
Kazakhstan,KAZ,2020,25361.508
Kazakhstan,KAZ,2021,26110.53
Kenya,KEN,2010,3735.793
Kenya,KEN,2011,3824.1975
Kenya,KEN,2012,3899.167
Kenya,KEN,2013,3950.8813
Kenya,KEN,2014,4055.1133
Kenya,KEN,2015,4163.925
Kenya,KEN,2016,4244.8574
Kenya,KEN,2017,4312.9087
Kenya,KEN,2018,4464.813
Kenya,KEN,2019,4601.2114
Kenya,KEN,2020,4497.363
Kenya,KEN,2021,4745.637
Kiribati,KIR,2010,1819.2329
Kiribati,KIR,2011,1819.6881
Kiribati,KIR,2012,1883.206
Kiribati,KIR,2013,1932.2688
Kiribati,KIR,2014,1883.2632
Kiribati,KIR,2015,2038.5217
Kiribati,KIR,2016,1997.8575
Kiribati,KIR,2017,1970.8259
Kiribati,KIR,2018,2039.4298
Kiribati,KIR,2019,1963.5349
Kiribati,KIR,2020,1897.0619
Kiribati,KIR,2021,2007.987
Kosovo,OWID_KOS,2010,7627.9087
Kosovo,OWID_KOS,2011,8040.6064
Kosovo,OWID_KOS,2012,8105.3877
Kosovo,OWID_KOS,2013,8486.57
Kosovo,OWID_KOS,2014,8796.634
Kosovo,OWID_KOS,2015,9445.106
Kosovo,OWID_KOS,2016,10031.048
Kosovo,OWID_KOS,2017,10436.169
Kosovo,OWID_KOS,2018,10755.168
Kosovo,OWID_KOS,2019,11318.459
Kosovo,OWID_KOS,2020,10706.511
Kosovo,OWID_KOS,2021,11884.182
Kuwait,KWT,2010,59780.03
Kuwait,KWT,2011,61356.938
Kuwait,KWT,2012,60588.156
Kuwait,KWT,2013,57051.742
Kuwait,KWT,2014,55583.562
Kuwait,KWT,2015,53808.125
Kuwait,KWT,2016,53476.12
Kuwait,KWT,2017,50007.3
Kuwait,KWT,2018,48943.008
Kuwait,KWT,2019,47314.797
Kuwait,KWT,2020,43922.63
Kuwait,KWT,2021,45579.688
Kyrgyzstan,KGZ,2010,4141.077
Kyrgyzstan,KGZ,2011,4334.6606
Kyrgyzstan,KGZ,2012,4259.3184
Kyrgyzstan,KGZ,2013,4631.4033
Kyrgyzstan,KGZ,2014,4722.086
Kyrgyzstan,KGZ,2015,4805.141
Kyrgyzstan,KGZ,2016,4912.3823
Kyrgyzstan,KGZ,2017,5046.6914
Kyrgyzstan,KGZ,2018,5133.152
Kyrgyzstan,KGZ,2019,5258.3667
Kyrgyzstan,KGZ,2020,4790.6587
Kyrgyzstan,KGZ,2021,4910.0864
Laos,LAO,2010,4793.224
Laos,LAO,2011,5103.549
Laos,LAO,2012,5434.8345
Laos,LAO,2013,5789.2754
Laos,LAO,2014,6145.497
Laos,LAO,2015,6499.0728
Laos,LAO,2016,6850.581
Laos,LAO,2017,7211.2593
Laos,LAO,2018,7546.3345
Laos,LAO,2019,7840.0713
Laos,LAO,2020,7763.9487
Laos,LAO,2021,7846.975
Latvia,LVA,2010,21173.402
Latvia,LVA,2011,22117.406
Latvia,LVA,2012,23970.453
Latvia,LVA,2013,24715.066
Latvia,LVA,2014,25423.488
Latvia,LVA,2015,26628.355
Latvia,LVA,2016,27509.336
Latvia,LVA,2017,28673.562
Latvia,LVA,2018,30051.018
Latvia,LVA,2019,30438.453
Latvia,LVA,2020,29575.568
Latvia,LVA,2021,31833.842
Lebanon,LBN,2010,19216.49
Lebanon,LBN,2011,19193.92
Lebanon,LBN,2012,19179.518
Lebanon,LBN,2013,18158.562
Lebanon,LBN,2014,16843.412
Lebanon,LBN,2015,16591.797
Lebanon,LBN,2016,17227.504
Lebanon,LBN,2017,17808.076
Lebanon,LBN,2018,17937.568
Lebanon,LBN,2019,17185.047
Lebanon,LBN,2020,13791.2705
Lebanon,LBN,2021,12986.913
Lesotho,LSO,2010,2314.6868
Lesotho,LSO,2011,2403.7998
Lesotho,LSO,2012,2534.8594
Lesotho,LSO,2013,2556.3835
Lesotho,LSO,2014,2573.6758
Lesotho,LSO,2015,2624.915
Lesotho,LSO,2016,2687.4863
Lesotho,LSO,2017,2571.074
Lesotho,LSO,2018,2501.43
Lesotho,LSO,2019,2435.2864
Lesotho,LSO,2020,2225.253
Lesotho,LSO,2021,2239.3052
Liberia,LBR,2010,1418.6758
Liberia,LBR,2011,1475.8392
Liberia,LBR,2012,1538.4072
Liberia,LBR,2013,1635.9583
Liberia,LBR,2014,1613.8655
Liberia,LBR,2015,1581.055
Liberia,LBR,2016,1525.458
Liberia,LBR,2017,1533.4113
Liberia,LBR,2018,1521.7335
Liberia,LBR,2019,1455.6377
Liberia,LBR,2020,1383.8281
Liberia,LBR,2021,1423.2296
Libya,LBY,2010,31394.162
Libya,LBY,2011,16356.362
Libya,LBY,2012,32214.906
Libya,LBY,2013,25907.758
Libya,LBY,2014,19569.9
Libya,LBY,2015,19108.943
Libya,LBY,2016,18554.48
Libya,LBY,2017,24212.91
Libya,LBY,2018,25734.168
Libya,LBY,2019,22535.445
Libya,LBY,2020,15621.0
Libya,LBY,2021,20273.88
Lithuania,LTU,2010,23942.76
Lithuania,LTU,2011,25968.584
Lithuania,LTU,2012,27330.896
Lithuania,LTU,2013,28589.027
Lithuania,LTU,2014,29855.832
Lithuania,LTU,2015,30748.197
Lithuania,LTU,2016,31925.803
Lithuania,LTU,2017,33761.87
Lithuania,LTU,2018,35446.707
Lithuania,LTU,2019,37198.875
Lithuania,LTU,2020,37179.766
Lithuania,LTU,2021,39432.402
Luxembourg,LUX,2010,114343.984
Luxembourg,LUX,2011,112998.39
Luxembourg,LUX,2012,112137.13
Luxembourg,LUX,2013,113050.664
Luxembourg,LUX,2014,113313.58
Luxembourg,LUX,2015,113182.73
Luxembourg,LUX,2016,116283.7
Luxembourg,LUX,2017,114985.84
Luxembourg,LUX,2018,114164.47
Luxembourg,LUX,2019,115209.6
Luxembourg,LUX,2020,112274.82
Luxembourg,LUX,2021,118510.0
Macao,MAC,2010,114041.11
Macao,MAC,2011,135363.88
Macao,MAC,2012,144889.75
Macao,MAC,2013,157600.64
Macao,MAC,2014,151614.75
Macao,MAC,2015,116854.266
Macao,MAC,2016,113940.48
Macao,MAC,2017,122838.38
Macao,MAC,2018,128220.336
Macao,MAC,2019,122549.74
Macao,MAC,2020,54916.156
Macao,MAC,2021,66820.91
Madagascar,MDG,2010,1511.9867
Madagascar,MDG,2011,1493.4425
Madagascar,MDG,2012,1497.0095
Madagascar,MDG,2013,1491.0741
Madagascar,MDG,2014,1500.9106
Madagascar,MDG,2015,1508.3744
Madagascar,MDG,2016,1528.5618
Madagascar,MDG,2017,1548.1564
Madagascar,MDG,2018,1557.3225
Madagascar,MDG,2019,1585.4717
Madagascar,MDG,2020,1436.2069
Madagascar,MDG,2021,1482.3761
Malawi,MWI,2010,1354.7054
Malawi,MWI,2011,1381.3896
Malawi,MWI,2012,1368.3232
Malawi,MWI,2013,1402.4337
Malawi,MWI,2014,1440.5837
Malawi,MWI,2015,1440.6184
Malawi,MWI,2016,1437.0421
Malawi,MWI,2017,1454.7775
Malawi,MWI,2018,1478.4248
Malawi,MWI,2019,1517.7031
Malawi,MWI,2020,1489.6014
Malawi,MWI,2021,1491.1337
Malaysia,MYS,2010,20171.879
Malaysia,MYS,2011,20900.32
Malaysia,MYS,2012,21690.453
Malaysia,MYS,2013,22350.906
Malaysia,MYS,2014,23328.342
Malaysia,MYS,2015,24151.256
Malaysia,MYS,2016,24859.797
Malaysia,MYS,2017,25935.139
Malaysia,MYS,2018,26835.807
Malaysia,MYS,2019,27674.398
Malaysia,MYS,2020,25852.19
Malaysia,MYS,2021,26407.316
Maldives,MDV,2010,16521.861
Maldives,MDV,2011,17321.91
Maldives,MDV,2012,17132.03
Maldives,MDV,2013,17721.852
Maldives,MDV,2014,18370.41
Maldives,MDV,2015,18273.73
Maldives,MDV,2016,18674.303
Maldives,MDV,2017,19221.967
Maldives,MDV,2018,20149.604
Maldives,MDV,2019,20988.092
Maldives,MDV,2020,13809.354
Maldives,MDV,2021,18757.78
Mali,MLI,2010,2018.6014
Mali,MLI,2011,2017.1442
Mali,MLI,2012,1942.7395
Mali,MLI,2013,1930.135
Mali,MLI,2014,2002.3729
Mali,MLI,2015,2060.0986
Mali,MLI,2016,2112.187
Mali,MLI,2017,2153.8457
Mali,MLI,2018,2185.5757
Mali,MLI,2019,2219.0466
Mali,MLI,2020,2123.8281
Mali,MLI,2021,2120.6233
Malta,MLT,2010,32915.723
Malta,MLT,2011,32929.637
Malta,MLT,2012,33978.664
Malta,MLT,2013,35338.766
Malta,MLT,2014,37284.402
Malta,MLT,2015,39903.04
Malta,MLT,2016,40318.957
Malta,MLT,2017,43493.727
Malta,MLT,2018,45116.074
Malta,MLT,2019,46438.664
Malta,MLT,2020,41753.812
Malta,MLT,2021,46598.96
Marshall Islands,MHL,2010,3764.227
Marshall Islands,MHL,2011,3787.7202
Marshall Islands,MHL,2012,3793.139
Marshall Islands,MHL,2013,3995.217
Marshall Islands,MHL,2014,4022.0452
Marshall Islands,MHL,2015,4190.388
Marshall Islands,MHL,2016,4375.981
Marshall Islands,MHL,2017,4649.231
Marshall Islands,MHL,2018,5040.306
Marshall Islands,MHL,2019,5719.19
Marshall Islands,MHL,2020,5724.7295
Marshall Islands,MHL,2021,5976.0303
Mauritania,MRT,2010,4773.7505
Mauritania,MRT,2011,4825.086
Mauritania,MRT,2012,4885.69
Mauritania,MRT,2013,4943.231
Mauritania,MRT,2014,5020.135
Mauritania,MRT,2015,5151.898
Mauritania,MRT,2016,5080.807
Mauritania,MRT,2017,5259.063
Mauritania,MRT,2018,5367.2144
Mauritania,MRT,2019,5392.9326
Mauritania,MRT,2020,5236.41
Mauritania,MRT,2021,5142.2812
Mauritius,MUS,2010,17311.625
Mauritius,MUS,2011,17988.684
Mauritius,MUS,2012,18566.03
Mauritius,MUS,2013,19143.508
Mauritius,MUS,2014,19840.178
Mauritius,MUS,2015,20545.17
Mauritius,MUS,2016,21324.064
Mauritius,MUS,2017,22143.826
Mauritius,MUS,2018,23018.516
Mauritius,MUS,2019,23676.414
Mauritius,MUS,2020,20231.852
Mauritius,MUS,2021,20915.217
Mexico,MEX,2010,19054.357
Mexico,MEX,2011,19431.201
Mexico,MEX,2012,19842.564
Mexico,MEX,2013,19749.785
Mexico,MEX,2014,19994.502
Mexico,MEX,2015,20296.566
Mexico,MEX,2016,20423.559
Mexico,MEX,2017,20582.252
Mexico,MEX,2018,20789.361
Mexico,MEX,2019,20553.955
Mexico,MEX,2020,18639.662
Mexico,MEX,2021,19617.76
Micronesia (country),FSM,2010,3500.3557
Micronesia (country),FSM,2011,3601.957
Micronesia (country),FSM,2012,3523.4478
Micronesia (country),FSM,2013,3382.0125
Micronesia (country),FSM,2014,3291.454
Micronesia (country),FSM,2015,3429.8022
Micronesia (country),FSM,2016,3446.1003
Micronesia (country),FSM,2017,3522.3494
Micronesia (country),FSM,2018,3513.9263
Micronesia (country),FSM,2019,3540.8438
Micronesia (country),FSM,2020,3420.516
Micronesia (country),FSM,2021,3320.9114
Moldova,MDA,2010,8432.709
Moldova,MDA,2011,8928.501
Moldova,MDA,2012,8877.01
Moldova,MDA,2013,9682.428
Moldova,MDA,2014,10172.714
Moldova,MDA,2015,10216.371
Moldova,MDA,2016,10816.09
Moldova,MDA,2017,11464.019
Moldova,MDA,2018,12142.73
Moldova,MDA,2019,12776.922
Moldova,MDA,2020,11848.899
Moldova,MDA,2021,13703.939
Mongolia,MNG,2010,7518.831
Mongolia,MNG,2011,8685.78
Mongolia,MNG,2012,9586.715
Mongolia,MNG,2013,10504.814
Mongolia,MNG,2014,11107.989
Mongolia,MNG,2015,11134.802
Mongolia,MNG,2016,11058.95
Mongolia,MNG,2017,11431.498
Mongolia,MNG,2018,12052.294
Mongolia,MNG,2019,12458.019
Mongolia,MNG,2020,11666.779
Mongolia,MNG,2021,11668.431
Montenegro,MNE,2010,16764.463
Montenegro,MNE,2011,17287.527
Montenegro,MNE,2012,16802.506
Montenegro,MNE,2013,17381.852
Montenegro,MNE,2014,17674.734
Montenegro,MNE,2015,18263.725
Montenegro,MNE,2016,18798.021
Montenegro,MNE,2017,19682.41
Montenegro,MNE,2018,20686.713
Montenegro,MNE,2019,21534.09
Montenegro,MNE,2020,18259.084
Montenegro,MNE,2021,20710.535
Morocco,MAR,2010,6775.946
Morocco,MAR,2011,7052.727
Morocco,MAR,2012,7168.6743
Morocco,MAR,2013,7362.2026
Morocco,MAR,2014,7462.153
Morocco,MAR,2015,7687.691
Morocco,MAR,2016,7632.1855
Morocco,MAR,2017,7921.619
Morocco,MAR,2018,8072.0864
Morocco,MAR,2019,8217.599
Morocco,MAR,2020,7546.7163
Morocco,MAR,2021,8065.986
Mozambique,MOZ,2010,1043.5675
Mozambique,MOZ,2011,1085.7045
Mozambique,MOZ,2012,1137.6823
Mozambique,MOZ,2013,1175.7554
Mozambique,MOZ,2014,1228.0466
Mozambique,MOZ,2015,1279.3092
Mozambique,MOZ,2016,1298.1354
Mozambique,MOZ,2017,1291.6715
Mozambique,MOZ,2018,1297.8695
Mozambique,MOZ,2019,1290.1674
Mozambique,MOZ,2020,1237.946
Mozambique,MOZ,2021,1231.8641
Myanmar,MMR,2010,3094.0042
Myanmar,MMR,2011,3240.5293
Myanmar,MMR,2012,3448.8032
Myanmar,MMR,2013,3707.6414
Myanmar,MMR,2014,3970.6677
Myanmar,MMR,2015,4214.373
Myanmar,MMR,2016,4433.664
Myanmar,MMR,2017,4670.0806
Myanmar,MMR,2018,4927.2524
Myanmar,MMR,2019,5214.3735
Myanmar,MMR,2020,4708.5596
Myanmar,MMR,2021,4113.8936
Namibia,NAM,2010,9115.507
Namibia,NAM,2011,9431.044
Namibia,NAM,2012,9747.819
Namibia,NAM,2013,10122.154
Namibia,NAM,2014,10554.564
Namibia,NAM,2015,10813.227
Namibia,NAM,2016,10627.635
Namibia,NAM,2017,10335.268
Namibia,NAM,2018,10266.171
Namibia,NAM,2019,10009.578
Namibia,NAM,2020,9041.77
Namibia,NAM,2021,9208.583
Nauru,NRU,2010,6448.4976
Nauru,NRU,2011,7053.8467
Nauru,NRU,2012,9121.933
Nauru,NRU,2013,9313.624
Nauru,NRU,2014,10489.616
Nauru,NRU,2015,9679.103
Nauru,NRU,2016,10223.102
Nauru,NRU,2017,9359.986
Nauru,NRU,2018,9896.362
Nauru,NRU,2019,10529.813
Nauru,NRU,2020,10812.89
Nauru,NRU,2021,10989.622
Nepal,NPL,2010,2682.6987
Nepal,NPL,2011,2763.8284
Nepal,NPL,2012,2886.0974
Nepal,NPL,2013,2982.287
Nepal,NPL,2014,3152.2932
Nepal,NPL,2015,3260.035
Nepal,NPL,2016,3244.6743
Nepal,NPL,2017,3495.5288
Nepal,NPL,2018,3719.3079
Nepal,NPL,2019,3922.0813
Nepal,NPL,2020,3761.8027
Nepal,NPL,2021,3853.6802
Netherlands,NLD,2010,52032.99
Netherlands,NLD,2011,52594.23
Netherlands,NLD,2012,51860.055
Netherlands,NLD,2013,51640.08
Netherlands,NLD,2014,52186.996
Netherlands,NLD,2015,52974.117
Netherlands,NLD,2016,53847.83
Netherlands,NLD,2017,55088.633
Netherlands,NLD,2018,56060.914
Netherlands,NLD,2019,56784.04
Netherlands,NLD,2020,54275.004
Netherlands,NLD,2021,57334.703
New Zealand,NZL,2010,37557.965
New Zealand,NZL,2011,38100.727
New Zealand,NZL,2012,38753.727
New Zealand,NZL,2013,39520.414
New Zealand,NZL,2014,40350.645
New Zealand,NZL,2015,41014.688
New Zealand,NZL,2016,41628.4
New Zealand,NZL,2017,42204.746
New Zealand,NZL,2018,42916.87
New Zealand,NZL,2019,43272.566
New Zealand,NZL,2020,42052.14
New Zealand,NZL,2021,44041.902
Nicaragua,NIC,2010,4586.9097
Nicaragua,NIC,2011,4805.4395
Nicaragua,NIC,2012,5042.877
Nicaragua,NIC,2013,5214.5693
Nicaragua,NIC,2014,5385.5073
Nicaragua,NIC,2015,5563.0474
Nicaragua,NIC,2016,5734.3677
Nicaragua,NIC,2017,5915.3896
Nicaragua,NIC,2018,5636.7153
Nicaragua,NIC,2019,5398.1074
Nicaragua,NIC,2020,5230.574
Nicaragua,NIC,2021,5692.035
Niger,NER,2010,1024.6996
Niger,NER,2011,1010.28876
Niger,NER,2012,1075.1053
Niger,NER,2013,1089.8319
Niger,NER,2014,1119.0948
Niger,NER,2015,1124.3676
Niger,NER,2016,1143.8174
Niger,NER,2017,1155.9739
Niger,NER,2018,1193.2727
Niger,NER,2019,1217.4355
Niger,NER,2020,1214.541
Niger,NER,2021,1186.53
Nigeria,NGA,2010,4857.266
Nigeria,NGA,2011,4975.638
Nigeria,NGA,2012,5045.4717
Nigeria,NGA,2013,5238.8325
Nigeria,NGA,2014,5424.9243
Nigeria,NGA,2015,5429.0996
Nigeria,NGA,2016,5209.074
Nigeria,NGA,2017,5120.0054
Nigeria,NGA,2018,5089.778
Nigeria,NGA,2019,5076.368
Nigeria,NGA,2020,4865.087
Nigeria,NGA,2021,4922.6323
North Macedonia,MKD,2010,13515.063
North Macedonia,MKD,2011,13807.549
North Macedonia,MKD,2012,13727.856
North Macedonia,MKD,2013,14108.977
North Macedonia,MKD,2014,14596.688
North Macedonia,MKD,2015,15139.344
North Macedonia,MKD,2016,15553.534
North Macedonia,MKD,2017,15706.54
North Macedonia,MKD,2018,16145.634
North Macedonia,MKD,2019,16773.143
North Macedonia,MKD,2020,15779.787
North Macedonia,MKD,2021,16708.598
Norway,NOR,2010,61672.96
Norway,NOR,2011,61551.215
Norway,NOR,2012,62399.168
Norway,NOR,2013,62275.69
Norway,NOR,2014,62838.516
Norway,NOR,2015,63371.887
Norway,NOR,2016,63547.688
Norway,NOR,2017,64589.555
Norway,NOR,2018,64696.473
Norway,NOR,2019,64983.355
Norway,NOR,2020,63776.16
Norway,NOR,2021,65915.53
Oman,OMN,2010,40819.938
Oman,OMN,2011,37745.453
Oman,OMN,2012,37270.586
Oman,OMN,2013,36330.48
Oman,OMN,2014,35032.258
Oman,OMN,2015,35188.023
Oman,OMN,2016,35229.953
Oman,OMN,2017,34218.387
Oman,OMN,2018,34212.105
Oman,OMN,2019,33814.113
Oman,OMN,2020,33098.21
Oman,OMN,2021,34294.766
Pakistan,PAK,2010,4082.3376
Pakistan,PAK,2011,4104.196
Pakistan,PAK,2012,4153.1064
Pakistan,PAK,2013,4268.36
Pakistan,PAK,2014,4381.878
Pakistan,PAK,2015,4507.8755
Pakistan,PAK,2016,4746.718
Pakistan,PAK,2017,4891.7197
Pakistan,PAK,2018,5113.434
Pakistan,PAK,2019,5157.5464
Pakistan,PAK,2020,5004.352
Pakistan,PAK,2021,5233.4595
Palau,PLW,2010,14744.783
Palau,PLW,2011,15988.997
Palau,PLW,2012,16522.75
Palau,PLW,2013,16089.486
Palau,PLW,2014,17110.787
Palau,PLW,2015,18402.848
Palau,PLW,2016,18364.799
Palau,PLW,2017,17594.994
Palau,PLW,2018,17816.092
Palau,PLW,2019,17799.605
Palau,PLW,2020,16404.549
Palau,PLW,2021,14112.668
Palestine,PSE,2010,5411.0664
Palestine,PSE,2011,5782.6895
Palestine,PSE,2012,5985.683
Palestine,PSE,2013,6118.2573
Palestine,PSE,2014,5967.073
Palestine,PSE,2015,6048.9766
Palestine,PSE,2016,6438.9336
Palestine,PSE,2017,6401.7407
Palestine,PSE,2018,6318.21
Palestine,PSE,2019,6245.4487
Palestine,PSE,2020,5402.5386
Palestine,PSE,2021,5641.0444
Panama,PAN,2010,22237.1
Panama,PAN,2011,24316.355
Panama,PAN,2012,26223.584
Panama,PAN,2013,27544.795
Panama,PAN,2014,28439.953
Panama,PAN,2015,29551.367
Panama,PAN,2016,30481.771
Panama,PAN,2017,31638.152
Panama,PAN,2018,32259.22
Panama,PAN,2019,32788.332
Panama,PAN,2020,26606.295
Panama,PAN,2021,30416.793
Papua New Guinea,PNG,2010,3283.772
Papua New Guinea,PNG,2011,3225.1433
Papua New Guinea,PNG,2012,3282.866
Papua New Guinea,PNG,2013,3317.8735
Papua New Guinea,PNG,2014,3669.9768
Papua New Guinea,PNG,2015,3813.1804
Papua New Guinea,PNG,2016,3924.4238
Papua New Guinea,PNG,2017,3967.016
Papua New Guinea,PNG,2018,3865.0115
Papua New Guinea,PNG,2019,3947.9338
Papua New Guinea,PNG,2020,3741.6616
Papua New Guinea,PNG,2021,3637.9133
Paraguay,PRY,2010,11281.256
Paraguay,PRY,2011,11613.169
Paraguay,PRY,2012,11376.407
Paraguay,PRY,2013,12150.972
Paraguay,PRY,2014,12616.414
Paraguay,PRY,2015,12806.097
Paraguay,PRY,2016,13163.74
Paraguay,PRY,2017,13604.175
Paraguay,PRY,2018,13848.499
Paraguay,PRY,2019,13609.723
Paraguay,PRY,2020,13317.321
Paraguay,PRY,2021,13676.391
Peru,PER,2010,9996.9375
Peru,PER,2011,10539.982
Peru,PER,2012,11084.874
Peru,PER,2013,11620.645
Peru,PER,2014,11773.944
Peru,PER,2015,12015.1875
Peru,PER,2016,12321.318
Peru,PER,2017,12442.746
Peru,PER,2018,12696.236
Peru,PER,2019,12735.168
Peru,PER,2020,11187.344
Peru,PER,2021,12533.842
Philippines,PHL,2010,5876.478
Philippines,PHL,2011,5995.431
Philippines,PHL,2012,6298.16
Philippines,PHL,2013,6610.851
Philippines,PHL,2014,6917.749
Philippines,PHL,2015,7235.0815
Philippines,PHL,2016,7616.05
Philippines,PHL,2017,8001.7563
Philippines,PHL,2018,8365.732
Philippines,PHL,2019,8731.861
Philippines,PHL,2020,7773.2603
Philippines,PHL,2021,8095.5796
Poland,POL,2010,23692.91
Poland,POL,2011,24874.172
Poland,POL,2012,25258.594
Poland,POL,2013,25490.328
Poland,POL,2014,26488.201
Poland,POL,2015,27667.69
Poland,POL,2016,28497.104
Poland,POL,2017,29958.121
Poland,POL,2018,31739.258
Poland,POL,2019,33159.75
Poland,POL,2020,32546.826
Poland,POL,2021,34944.04
Portugal,PRT,2010,31798.154
Portugal,PRT,2011,31304.816
Portugal,PRT,2012,30156.701
Portugal,PRT,2013,30042.89
Portugal,PRT,2014,30444.6
Portugal,PRT,2015,31118.791
Portugal,PRT,2016,31847.537
Portugal,PRT,2017,33044.715
Portugal,PRT,2018,34040.727
Portugal,PRT,2019,34945.66
Portugal,PRT,2020,32011.324
Portugal,PRT,2021,33636.44
Puerto Rico,PRI,2010,32960.69
Puerto Rico,PRI,2011,33224.566
Puerto Rico,PRI,2012,33638.867
Puerto Rico,PRI,2013,33922.16
Puerto Rico,PRI,2014,34070.254
Puerto Rico,PRI,2015,34311.03
Puerto Rico,PRI,2016,34539.586
Puerto Rico,PRI,2017,34363.746
Puerto Rico,PRI,2018,34223.094
Puerto Rico,PRI,2019,34792.65
Puerto Rico,PRI,2020,32437.965
Puerto Rico,PRI,2021,32766.666
Qatar,QAT,2010,103902.516
Qatar,QAT,2011,111879.75
Qatar,QAT,2012,110931.51
Qatar,QAT,2013,109625.63
Qatar,QAT,2014,106141.33
Qatar,QAT,2015,101971.99
Qatar,QAT,2016,97783.12
Qatar,QAT,2017,92177.59
Qatar,QAT,2018,91461.62
Qatar,QAT,2019,90762.4
Qatar,QAT,2020,89019.07
Qatar,QAT,2021,92895.34
Romania,ROU,2010,20415.629
Romania,ROU,2011,21443.033
Romania,ROU,2012,21953.324
Romania,ROU,2013,22094.48
Romania,ROU,2014,23091.254
Romania,ROU,2015,23933.29
Romania,ROU,2016,24758.818
Romania,ROU,2017,26943.463
Romania,ROU,2018,28736.217
Romania,ROU,2019,30001.105
Romania,ROU,2020,29057.408
Romania,ROU,2021,30946.277
Russia,RUS,2010,23961.22
Russia,RUS,2011,24972.078
Russia,RUS,2012,25933.293
Russia,RUS,2013,26332.396
Russia,RUS,2014,26057.156
Russia,RUS,2015,25488.096
Russia,RUS,2016,25490.709
Russia,RUS,2017,25926.443
Russia,RUS,2018,26656.41
Russia,RUS,2019,27254.574
Russia,RUS,2020,26586.555
Russia,RUS,2021,28057.031
Rwanda,RWA,2010,1468.4058
Rwanda,RWA,2011,1545.1144
Rwanda,RWA,2012,1637.8477
Rwanda,RWA,2013,1674.8248
Rwanda,RWA,2014,1736.3374
Rwanda,RWA,2015,1845.5582
Rwanda,RWA,2016,1908.552
Rwanda,RWA,2017,1934.9729
Rwanda,RWA,2018,2049.6235
Rwanda,RWA,2019,2190.562
Rwanda,RWA,2020,2066.4717
Rwanda,RWA,2021,2237.514
Saint Kitts and Nevis,KNA,2010,24558.797
Saint Kitts and Nevis,KNA,2011,24862.457
Saint Kitts and Nevis,KNA,2012,24656.084
Saint Kitts and Nevis,KNA,2013,26042.076
Saint Kitts and Nevis,KNA,2014,28003.553
Saint Kitts and Nevis,KNA,2015,28202.912
Saint Kitts and Nevis,KNA,2016,29310.443
Saint Kitts and Nevis,KNA,2017,29317.594
Saint Kitts and Nevis,KNA,2018,29934.469
Saint Kitts and Nevis,KNA,2019,31178.648
Saint Kitts and Nevis,KNA,2020,26678.33
Saint Kitts and Nevis,KNA,2021,26460.477
Saint Lucia,LCA,2010,14267.127
Saint Lucia,LCA,2011,14779.835
Saint Lucia,LCA,2012,14680.273
Saint Lucia,LCA,2013,14315.314
Saint Lucia,LCA,2014,14436.88
Saint Lucia,LCA,2015,14384.199
Saint Lucia,LCA,2016,14810.646
Saint Lucia,LCA,2017,15247.463
Saint Lucia,LCA,2018,15622.774
Saint Lucia,LCA,2019,15460.798
Saint Lucia,LCA,2020,11651.172
Saint Lucia,LCA,2021,13045.966
Saint Vincent and the Grenadines,VCT,2010,11571.139
Saint Vincent and the Grenadines,VCT,2011,11564.996
Saint Vincent and the Grenadines,VCT,2012,11767.32
Saint Vincent and the Grenadines,VCT,2013,12128.118
Saint Vincent and the Grenadines,VCT,2014,12328.804
Saint Vincent and the Grenadines,VCT,2015,12723.346
Saint Vincent and the Grenadines,VCT,2016,13316.229
Saint Vincent and the Grenadines,VCT,2017,13575.416
Saint Vincent and the Grenadines,VCT,2018,14042.174
Saint Vincent and the Grenadines,VCT,2019,14183.188
Saint Vincent and the Grenadines,VCT,2020,13690.9
Saint Vincent and the Grenadines,VCT,2021,13839.464
Samoa,WSM,2010,5808.405
Samoa,WSM,2011,5980.395
Samoa,WSM,2012,5705.678
Samoa,WSM,2013,5659.9497
Samoa,WSM,2014,5645.9634
Samoa,WSM,2015,5811.106
Samoa,WSM,2016,6214.8228
Samoa,WSM,2017,6238.904
Samoa,WSM,2018,6139.6294
Samoa,WSM,2019,6346.2563
Samoa,WSM,2020,6062.4717
Samoa,WSM,2021,5534.566
San Marino,SMR,2010,71156.1
San Marino,SMR,2011,63458.816
San Marino,SMR,2012,57854.316
San Marino,SMR,2013,57136.906
San Marino,SMR,2014,56558.87
San Marino,SMR,2015,57542.984
San Marino,SMR,2016,58432.504
San Marino,SMR,2017,58201.527
San Marino,SMR,2018,58898.06
San Marino,SMR,2019,60076.01
San Marino,SMR,2020,56364.215
San Marino,SMR,2021,61609.01
Sao Tome and Principe,STP,2010,2992.595
Sao Tome and Principe,STP,2011,2988.3445
Sao Tome and Principe,STP,2012,3013.4429
Sao Tome and Principe,STP,2013,3105.0566
Sao Tome and Principe,STP,2014,3195.712
Sao Tome and Principe,STP,2015,3186.3984
Sao Tome and Principe,STP,2016,3293.9004
Sao Tome and Principe,STP,2017,3373.2642
Sao Tome and Principe,STP,2018,3465.8398
Sao Tome and Principe,STP,2019,3482.0247
Sao Tome and Principe,STP,2020,3507.3613
Sao Tome and Principe,STP,2021,3502.4353
Saudi Arabia,SAU,2010,41231.566
Saudi Arabia,SAU,2011,44642.758
Saudi Arabia,SAU,2012,46041.664
Saudi Arabia,SAU,2013,46359.844
Saudi Arabia,SAU,2014,47261.684
Saudi Arabia,SAU,2015,48535.16
Saudi Arabia,SAU,2016,48691.27
Saudi Arabia,SAU,2017,47551.86
Saudi Arabia,SAU,2018,47714.113
Saudi Arabia,SAU,2019,47024.543
Saudi Arabia,SAU,2020,44770.91
Saudi Arabia,SAU,2021,46768.434
Senegal,SEN,2010,2830.1533
Senegal,SEN,2011,2790.8975
Senegal,SEN,2012,2824.533
Senegal,SEN,2013,2815.2815
Senegal,SEN,2014,2910.2888
Senegal,SEN,2015,3012.3833
Senegal,SEN,2016,3118.0244
Senegal,SEN,2017,3259.1926
Senegal,SEN,2018,3368.8586
Senegal,SEN,2019,3430.484
Senegal,SEN,2020,3384.442
Senegal,SEN,2021,3511.6375
Serbia,SRB,2010,14511.063
Serbia,SRB,2011,14923.905
Serbia,SRB,2012,14894.299
Serbia,SRB,2013,15399.89
Serbia,SRB,2014,15226.426
Serbia,SRB,2015,15578.311
Serbia,SRB,2016,16182.934
Serbia,SRB,2017,16611.13
Serbia,SRB,2018,17452.916
Serbia,SRB,2019,18306.904
Serbia,SRB,2020,18262.799
Serbia,SRB,2021,19860.31
Seychelles,SYC,2010,21792.256
Seychelles,SYC,2011,24500.29
Seychelles,SYC,2012,25015.807
Seychelles,SYC,2013,24865.928
Seychelles,SYC,2014,25477.037
Seychelles,SYC,2015,25960.328
Seychelles,SYC,2016,26923.008
Seychelles,SYC,2017,27336.607
Seychelles,SYC,2018,28080.635
Seychelles,SYC,2019,29189.785
Seychelles,SYC,2020,26704.926
Seychelles,SYC,2021,27928.373
Sierra Leone,SLE,2010,1401.3158
Sierra Leone,SLE,2011,1446.0627
Sierra Leone,SLE,2012,1622.6504
Sierra Leone,SLE,2013,1914.9652
Sierra Leone,SLE,2014,1952.9703
Sierra Leone,SLE,2015,1515.8308
Sierra Leone,SLE,2016,1573.5012
Sierra Leone,SLE,2017,1593.5154
Sierra Leone,SLE,2018,1610.3232
Sierra Leone,SLE,2019,1655.8433
Sierra Leone,SLE,2020,1586.355
Sierra Leone,SLE,2021,1614.8599
Singapore,SGP,2010,78191.78
Singapore,SGP,2011,81337.734
Singapore,SGP,2012,82886.78
Singapore,SGP,2013,85484.44
Singapore,SGP,2014,87702.52
Singapore,SGP,2015,89248.125
Singapore,SGP,2016,91270.64
Singapore,SGP,2017,95334.15
Singapore,SGP,2018,98280.04
Singapore,SGP,2019,98455.33
Singapore,SGP,2020,94910.1
Singapore,SGP,2021,107741.12
Sint Maarten (Dutch part),SXM,2010,50290.688
Sint Maarten (Dutch part),SXM,2011,53581.094
Sint Maarten (Dutch part),SXM,2012,52436.355
Sint Maarten (Dutch part),SXM,2013,50267.18
Sint Maarten (Dutch part),SXM,2014,49600.95
Sint Maarten (Dutch part),SXM,2015,48195.484
Sint Maarten (Dutch part),SXM,2016,47269.09
Sint Maarten (Dutch part),SXM,2017,43055.543
Sint Maarten (Dutch part),SXM,2018,39788.445
Sint Maarten (Dutch part),SXM,2019,43394.668
Sint Maarten (Dutch part),SXM,2020,36991.777
Sint Maarten (Dutch part),SXM,2021,38360.527
Slovakia,SVK,2010,25630.426
Slovakia,SVK,2011,26281.223
Slovakia,SVK,2012,26582.541
Slovakia,SVK,2013,26722.01
Slovakia,SVK,2014,27416.135
Slovakia,SVK,2015,28805.387
Slovakia,SVK,2016,29327.516
Slovakia,SVK,2017,30142.367
Slovakia,SVK,2018,31313.82
Slovakia,SVK,2019,32056.78
Slovakia,SVK,2020,30960.959
Slovakia,SVK,2021,32512.695
Slovenia,SVN,2010,33350.613
Slovenia,SVN,2011,33568.066
Slovenia,SVN,2012,32613.49
Slovenia,SVN,2013,32234.025
Slovenia,SVN,2014,33093.75
Slovenia,SVN,2015,33799.727
Slovenia,SVN,2016,34853.043
Slovenia,SVN,2017,36507.555
Slovenia,SVN,2018,37995.715
Slovenia,SVN,2019,39061.25
Slovenia,SVN,2020,37155.023
Slovenia,SVN,2021,40104.36
Solomon Islands,SLB,2010,2411.1128
Solomon Islands,SLB,2011,2527.9148
Solomon Islands,SLB,2012,2526.1907
Solomon Islands,SLB,2013,2591.8474
Solomon Islands,SLB,2014,2556.7715
Solomon Islands,SLB,2015,2534.7698
Solomon Islands,SLB,2016,2609.79
Solomon Islands,SLB,2017,2625.1345
Solomon Islands,SLB,2018,2633.3342
Solomon Islands,SLB,2019,2616.9084
Solomon Islands,SLB,2020,2469.1743
Solomon Islands,SLB,2021,2397.3228
Somalia,SOM,2013,1308.1309
Somalia,SOM,2014,1358.3143
Somalia,SOM,2015,1444.0901
Somalia,SOM,2016,1479.9875
Somalia,SOM,2017,1558.2944
Somalia,SOM,2018,1547.9973
Somalia,SOM,2019,1546.9055
Somalia,SOM,2020,1456.6559
Somalia,SOM,2021,1458.2279
South Africa,ZAF,2010,13469.361
South Africa,ZAF,2011,13721.686
South Africa,ZAF,2012,13864.971
South Africa,ZAF,2013,14017.411
South Africa,ZAF,2014,13993.2705
South Africa,ZAF,2015,13887.211
South Africa,ZAF,2016,13844.276
South Africa,ZAF,2017,13950.453
South Africa,ZAF,2018,13995.0625
South Africa,ZAF,2019,13850.8955
South Africa,ZAF,2020,12866.569
South Africa,ZAF,2021,13337.79
South Korea,KOR,2010,34394.492
South Korea,KOR,2011,35388.977
South Korea,KOR,2012,36049.195
South Korea,KOR,2013,37021.133
South Korea,KOR,2014,37967.477
South Korea,KOR,2015,38828.742
South Korea,KOR,2016,39814.66
South Korea,KOR,2017,40957.418
South Korea,KOR,2018,41965.89
South Korea,KOR,2019,42758.59
South Korea,KOR,2020,42396.76
South Korea,KOR,2021,44299.91
Spain,ESP,2010,37318.53
Spain,ESP,2011,36883.324
Spain,ESP,2012,35768.742
Spain,ESP,2013,35382.535
Spain,ESP,2014,35983.81
Spain,ESP,2015,37394.055
Spain,ESP,2016,38497.484
Spain,ESP,2017,39550.188
Spain,ESP,2018,40276.906
Spain,ESP,2019,40782.234
Spain,ESP,2020,36051.418
Spain,ESP,2021,38319.29
Sri Lanka,LKA,2010,9254.852
Sri Lanka,LKA,2011,9965.021
Sri Lanka,LKA,2012,10744.147
Sri Lanka,LKA,2013,11118.841
Sri Lanka,LKA,2014,11768.0205
Sri Lanka,LKA,2015,12207.091
Sri Lanka,LKA,2016,12770.843
Sri Lanka,LKA,2017,13544.519
Sri Lanka,LKA,2018,13753.055
Sri Lanka,LKA,2019,13639.021
Sri Lanka,LKA,2020,12939.44
Sri Lanka,LKA,2021,13250.63
Sudan,SDN,2010,4745.2974
Sudan,SDN,2011,5047.334
Sudan,SDN,2012,4711.0596
Sudan,SDN,2013,4692.278
Sudan,SDN,2014,4776.62
Sudan,SDN,2015,4718.919
Sudan,SDN,2016,4733.0176
Sudan,SDN,2017,4613.95
Sudan,SDN,2018,4349.21
Sudan,SDN,2019,4133.1304
Sudan,SDN,2020,3874.8003
Sudan,SDN,2021,3701.069
Suriname,SUR,2010,18255.408
Suriname,SUR,2011,19110.945
Suriname,SUR,2012,19415.348
Suriname,SUR,2013,19778.072
Suriname,SUR,2014,19628.99
Suriname,SUR,2015,18768.572
Suriname,SUR,2016,17662.473
Suriname,SUR,2017,17753.06
Suriname,SUR,2018,18438.348
Suriname,SUR,2019,18448.979
Suriname,SUR,2020,15328.997
Suriname,SUR,2021,14811.24
Sweden,SWE,2010,47791.37
Sweden,SWE,2011,48947.438
Sweden,SWE,2012,48300.844
Sweden,SWE,2013,48462.16
Sweden,SWE,2014,49258.996
Sweden,SWE,2015,50928.965
Sweden,SWE,2016,51334.434
Sweden,SWE,2017,51947.953
Sweden,SWE,2018,52349.293
Sweden,SWE,2019,52850.57
Sweden,SWE,2020,51331.28
Sweden,SWE,2021,54160.367
Switzerland,CHE,2010,65262.34
Switzerland,CHE,2011,65710.914
Switzerland,CHE,2012,65783.586
Switzerland,CHE,2013,66196.945
Switzerland,CHE,2014,66930.87
Switzerland,CHE,2015,67261.59
Switzerland,CHE,2016,67907.39
Switzerland,CHE,2017,68193.51
Switzerland,CHE,2018,69629.336
Switzerland,CHE,2019,69923.93
Switzerland,CHE,2020,67928.195
Switzerland,CHE,2021,71044.87
Tajikistan,TJK,2010,2359.9963
Tajikistan,TJK,2011,2481.5522
Tajikistan,TJK,2012,2610.146
Tajikistan,TJK,2013,2741.203
Tajikistan,TJK,2014,2858.213
Tajikistan,TJK,2015,2959.9707
Tajikistan,TJK,2016,3091.224
Tajikistan,TJK,2017,3236.4395
Tajikistan,TJK,2018,3405.1135
Tajikistan,TJK,2019,3575.282
Tajikistan,TJK,2020,3651.9426
Tajikistan,TJK,2021,3910.4626
Tanzania,TZA,2010,1972.3674
Tanzania,TZA,2011,2064.0686
Tanzania,TZA,2012,2095.2224
Tanzania,TZA,2013,2170.9993
Tanzania,TZA,2014,2246.345
Tanzania,TZA,2015,2306.6675
Tanzania,TZA,2016,2381.2224
Tanzania,TZA,2017,2457.5693
Tanzania,TZA,2018,2511.8293
Tanzania,TZA,2019,2578.8403
Tanzania,TZA,2020,2552.5469
Tanzania,TZA,2021,2584.3977
Thailand,THA,2010,14172.218
Thailand,THA,2011,14199.279
Thailand,THA,2012,15129.901
Thailand,THA,2013,15442.38
Thailand,THA,2014,15509.181
Thailand,THA,2015,15919.37
Thailand,THA,2016,16393.314
Thailand,THA,2017,17008.04
Thailand,THA,2018,17669.045
Thailand,THA,2019,17997.133
Thailand,THA,2020,16865.549
Thailand,THA,2021,17087.21
Togo,TGO,2010,1637.652
Togo,TGO,2011,1687.6111
Togo,TGO,2012,1747.8842
Togo,TGO,2013,1802.939
Togo,TGO,2014,1856.9048
Togo,TGO,2015,1910.0
Togo,TGO,2016,1941.6276
Togo,TGO,2017,1970.2148
Togo,TGO,2018,2014.9418
Togo,TGO,2019,2063.7588
Togo,TGO,2020,2058.565
Togo,TGO,2021,2130.859
Tonga,TON,2010,5002.719
Tonga,TON,2011,5332.496
Tonga,TON,2012,5381.8394
Tonga,TON,2013,5419.468
Tonga,TON,2014,5552.8784
Tonga,TON,2015,5644.633
Tonga,TON,2016,6039.1587
Tonga,TON,2017,6257.09
Tonga,TON,2018,6287.9907
Tonga,TON,2019,6344.4214
Tonga,TON,2020,6357.07
Tonga,TON,2021,6142.9634
Trinidad and Tobago,TTO,2010,27593.799
Trinidad and Tobago,TTO,2011,27324.176
Trinidad and Tobago,TTO,2012,29146.334
Trinidad and Tobago,TTO,2013,29958.941
Trinidad and Tobago,TTO,2014,30900.432
Trinidad and Tobago,TTO,2015,30460.375
Trinidad and Tobago,TTO,2016,27992.12
Trinidad and Tobago,TTO,2017,26481.072
Trinidad and Tobago,TTO,2018,25864.945
Trinidad and Tobago,TTO,2019,25698.006
Trinidad and Tobago,TTO,2020,23392.992
Trinidad and Tobago,TTO,2021,23036.256
Tunisia,TUN,2010,10478.011
Tunisia,TUN,2011,10135.681
Tunisia,TUN,2012,10428.975
Tunisia,TUN,2013,10563.375
Tunisia,TUN,2014,10767.223
Tunisia,TUN,2015,10750.237
Tunisia,TUN,2016,10751.397
Tunisia,TUN,2017,10874.947
Tunisia,TUN,2018,11046.682
Tunisia,TUN,2019,11113.796
Tunisia,TUN,2020,10040.124
Tunisia,TUN,2021,10395.913
Turkey,TUR,2010,19804.46
Turkey,TUR,2011,21701.701
Turkey,TUR,2012,22452.844
Turkey,TUR,2013,24047.293
Turkey,TUR,2014,24897.002
Turkey,TUR,2015,26061.832
Turkey,TUR,2016,26568.02
Turkey,TUR,2017,28193.174
Turkey,TUR,2018,28652.21
Turkey,TUR,2019,28476.684
Turkey,TUR,2020,28726.191
Turkey,TUR,2021,31722.16
Turkmenistan,TKM,2010,8321.22
Turkmenistan,TKM,2011,9379.144
Turkmenistan,TKM,2012,10233.4
Turkmenistan,TKM,2013,11071.518
Turkmenistan,TKM,2014,11989.653
Turkmenistan,TKM,2015,12540.284
Turkmenistan,TKM,2016,13086.014
Turkmenistan,TKM,2017,13703.513
Turkmenistan,TKM,2018,14321.14
Turkmenistan,TKM,2019,14992.604
Turkmenistan,TKM,2020,14269.641
Turkmenistan,TKM,2021,14696.823
Turks and Caicos Islands,TCA,2011,25731.283
Turks and Caicos Islands,TCA,2012,24476.342
Turks and Caicos Islands,TCA,2013,23624.287
Turks and Caicos Islands,TCA,2014,24661.145
Turks and Caicos Islands,TCA,2015,26284.723
Turks and Caicos Islands,TCA,2016,26931.729
Turks and Caicos Islands,TCA,2017,25207.832
Turks and Caicos Islands,TCA,2018,25567.918
Turks and Caicos Islands,TCA,2019,25933.512
Turks and Caicos Islands,TCA,2020,18474.865
Turks and Caicos Islands,TCA,2021,19763.545
Tuvalu,TUV,2010,3334.6648
Tuvalu,TUV,2011,3512.0935
Tuvalu,TUV,2012,3388.5977
Tuvalu,TUV,2013,3515.2007
Tuvalu,TUV,2014,3521.3286
Tuvalu,TUV,2015,3895.998
Tuvalu,TUV,2016,4126.0093
Tuvalu,TUV,2017,4236.3994
Tuvalu,TUV,2018,4280.5435
Tuvalu,TUV,2019,4831.7363
Tuvalu,TUV,2020,4577.966
Tuvalu,TUV,2021,4604.402
Uganda,UGA,2010,1878.5209
Uganda,UGA,2011,1996.0656
Uganda,UGA,2012,2013.5464
Uganda,UGA,2013,2026.6228
Uganda,UGA,2014,2067.7954
Uganda,UGA,2015,2108.8604
Uganda,UGA,2016,2137.2073
Uganda,UGA,2017,2128.397
Uganda,UGA,2018,2186.9072
Uganda,UGA,2019,2250.015
Uganda,UGA,2020,2240.4902
Uganda,UGA,2021,2246.414
Ukraine,UKR,2010,12221.44
Ukraine,UKR,2011,12933.356
Ukraine,UKR,2012,12985.087
Ukraine,UKR,2013,13020.601
Ukraine,UKR,2014,12385.813
Ukraine,UKR,2015,11216.118
Ukraine,UKR,2016,11536.316
Ukraine,UKR,2017,11860.561
Ukraine,UKR,2018,12336.927
Ukraine,UKR,2019,12804.955
Ukraine,UKR,2020,12407.79
Ukraine,UKR,2021,12949.326
United Arab Emirates,ARE,2010,56626.74
United Arab Emirates,ARE,2011,59491.375
United Arab Emirates,ARE,2012,59949.246
United Arab Emirates,ARE,2013,62354.824
United Arab Emirates,ARE,2014,64334.09
United Arab Emirates,ARE,2015,68076.63
United Arab Emirates,ARE,2016,71244.586
United Arab Emirates,ARE,2017,71182.37
United Arab Emirates,ARE,2018,71550.555
United Arab Emirates,ARE,2019,71782.16
United Arab Emirates,ARE,2020,67668.29
United Arab Emirates,ARE,2021,70028.02
United Kingdom,GBR,2010,42013.824
United Kingdom,GBR,2011,42164.117
United Kingdom,GBR,2012,42505.44
United Kingdom,GBR,2013,42978.465
United Kingdom,GBR,2014,44026.527
United Kingdom,GBR,2015,44648.844
United Kingdom,GBR,2016,45162.996
United Kingdom,GBR,2017,46048.2
United Kingdom,GBR,2018,46412.54
United Kingdom,GBR,2019,46909.08
United Kingdom,GBR,2020,41895.824
United Kingdom,GBR,2021,45567.57
United States,USA,2010,54510.465
United States,USA,2011,54954.465
United States,USA,2012,55796.973
United States,USA,2013,56432.33
United States,USA,2014,57301.6
United States,USA,2015,58420.703
United States,USA,2016,58965.99
United States,USA,2017,59907.754
United States,USA,2018,61348.457
United States,USA,2019,62470.93
United States,USA,2020,60158.91
United States,USA,2021,63635.824
Uruguay,URY,2010,19542.557
Uruguay,URY,2011,20496.434
Uruguay,URY,2012,21161.857
Uruguay,URY,2013,22077.45
Uruguay,URY,2014,22722.05
Uruguay,URY,2015,22731.521
Uruguay,URY,2016,23041.506
Uruguay,URY,2017,23384.74
Uruguay,URY,2018,23388.129
Uruguay,URY,2019,23552.842
Uruguay,URY,2020,22073.375
Uruguay,URY,2021,23257.256
Uzbekistan,UZB,2010,4953.9614
Uzbekistan,UZB,2011,5185.6846
Uzbekistan,UZB,2012,5472.8335
Uzbekistan,UZB,2013,5781.1567
Uzbekistan,UZB,2014,6075.1924
Uzbekistan,UZB,2015,6401.115
Uzbekistan,UZB,2016,6663.9497
Uzbekistan,UZB,2017,6840.71
Uzbekistan,UZB,2018,7118.2036
Uzbekistan,UZB,2019,7403.7427
Uzbekistan,UZB,2020,7407.7275
Uzbekistan,UZB,2021,7800.5015
Vanuatu,VUT,2010,2972.3687
Vanuatu,VUT,2011,2994.4373
Vanuatu,VUT,2012,2953.93
Vanuatu,VUT,2013,2897.5642
Vanuatu,VUT,2014,2917.678
Vanuatu,VUT,2015,2859.3992
Vanuatu,VUT,2016,2921.8083
Vanuatu,VUT,2017,3031.2432
Vanuatu,VUT,2018,3045.0955
Vanuatu,VUT,2019,3070.404
Vanuatu,VUT,2020,2848.9702
Vanuatu,VUT,2021,2800.494
Vietnam,VNM,2010,6324.526
Vietnam,VNM,2011,6658.667
Vietnam,VNM,2012,6950.2876
Vietnam,VNM,2013,7257.7295
Vietnam,VNM,2014,7641.9097
Vietnam,VNM,2015,8091.0894
Vietnam,VNM,2016,8545.702
Vietnam,VNM,2017,9050.6875
Vietnam,VNM,2018,9636.014
Vietnam,VNM,2019,10252.004
Vietnam,VNM,2020,10450.621
Vietnam,VNM,2021,10628.22
Zambia,ZMB,2010,3083.3552
Zambia,ZMB,2011,3146.8445
Zambia,ZMB,2012,3275.9683
Zambia,ZMB,2013,3330.877
Zambia,ZMB,2014,3375.9412
Zambia,ZMB,2015,3365.3792
Zambia,ZMB,2016,3384.268
Zambia,ZMB,2017,3395.4797
Zambia,ZMB,2018,3425.949
Zambia,ZMB,2019,3372.359
Zambia,ZMB,2020,3183.651
Zambia,ZMB,2021,3287.4204
Zimbabwe,ZWE,2010,1799.5403
Zimbabwe,ZWE,2011,2033.1814
Zimbabwe,ZWE,2012,2310.8071
Zimbabwe,ZWE,2013,2333.6445
Zimbabwe,ZWE,2014,2316.9546
Zimbabwe,ZWE,2015,2313.8787
Zimbabwe,ZWE,2016,2286.6235
Zimbabwe,ZWE,2017,2331.7808
Zimbabwe,ZWE,2018,2399.6216
Zimbabwe,ZWE,2019,2203.3967
Zimbabwe,ZWE,2020,1990.3195
Zimbabwe,ZWE,2021,2115.1445
